-- Switch to the correct database
USE TotalWealthDB;
GO


-- PART 1: CLEAN ALL DATA FROM TABLES
-- Disable all constraints first
EXEC sp_MSforeachtable "ALTER TABLE ? NOCHECK CONSTRAINT ALL";

-- Delete all data from tables in reverse order of dependencies
DELETE FROM TransactionFees;
DELETE FROM Transaction1;
DELETE FROM UNREALIZED_GAIN_LOSS;
DELETE FROM INVESTED_VALUE;
DELETE FROM FUND_IN_PORTFOLIO;
DELETE FROM BOND_IN_PORTFOLIO;
DELETE FROM STOCK_IN_PORTFOLIO;
DELETE FROM PortfolioFeeStructure;
DELETE FROM Portfolio1;
DELETE FROM FUND;
DELETE FROM BOND;
DELETE FROM STOCK;
DELETE FROM ASSET;
DELETE FROM FINANCIAL_GOAL;
DELETE FROM RISK_TOLERANCE;
DELETE FROM INVESTOR;

-- Re-enable all constraints
EXEC sp_MSforeachtable "ALTER TABLE ? CHECK CONSTRAINT ALL";

-- PART 2: INSERT DATA RESPECTING SINGLE PRIMARY KEY CONSTRAINTS
-- ==========================================
-- INVESTOR
-- ==========================================
INSERT INTO INVESTOR VALUES 
('92000000', 'Aisha Lim', 'M', '2002-05-16', 104997.03, 'Standard Chartered'),
('92000001', 'Chloe Goh', 'M', '1982-01-04', 135843.48, 'OCBC'),
('92000002', 'Benjamin Teo', 'F', '2008-10-18', 65335.35, 'HSBC'),
('92000003', 'Chloe Lim', 'M', '1983-10-01', 89112.39, 'Revolut'),
('92000004', 'Grace Wong', 'M', '1986-01-22', 97408.07, 'Maybank'),
('92000005', 'Jayden Goh', 'M', '1986-02-28', 119617.71, 'DBS'),
('92000006', 'Grace Ng', 'F', '1991-05-16', 134361.78, 'OCBC'),
('92000007', 'Benjamin Chong', 'M', '2000-02-16', 86763.07, 'HSBC'),
('92000008', 'Jayden Teo', 'F', '1994-03-31', 135873.25, 'HSBC'),
('92000009', 'Chloe Goh', 'F', '2001-06-05', 52077.45, 'UOB'),
('92000010', 'Hiro Koh', 'M', '2004-04-06', 76784.84, 'HSBC'),
('92000011', 'Daniel Goh', 'M', '2006-01-02', 82407.28, 'DBS'),
('92000012', 'Isla Teo', 'F', '2000-12-14', 52304.01, 'UOB'),
('92000013', 'Daniel Lee', 'F', '2005-12-03', 101779.06, 'HSBC'),
('92000014', 'Faiz Koh', 'M', '1995-08-21', 95903.85, 'HSBC'),
('92000015', 'Hiro Koh', 'F', '1984-04-16', 129853.15, 'UOB'),
('92000016', 'Aisha Chong', 'M', '2001-03-03', 62689.17, 'Standard Chartered'),
('92000017', 'Jayden Chong', 'F', '2012-05-01', 110444.35, 'DBS'),
('92000018', 'Isla Ng', 'F', '1986-02-11', 62926.49, 'UOB'),
('92000019', 'Hiro Teo', 'F', '1985-09-20', 99762.91, 'Standard Chartered'),
('92000020', 'Grace Koh', 'F', '1991-04-22', 84033.68, 'Standard Chartered'),
('92000021', 'Chloe Lim', 'M', '2010-11-17', 50519.29, 'Standard Chartered'),
('92000022', 'Isla Yeo', 'F', '1987-03-01', 141346.07, 'CIMB'),
('92000023', 'Isla Lee', 'F', '2002-12-30', 92223.61, 'UOB'),
('92000024', 'Daniel Teo', 'F', '1982-08-14', 115643.98, 'Standard Chartered'),
('92000025', 'Grace Koh', 'F', '1991-01-07', 58013.44, 'DBS'),
('92000026', 'Chloe Lee', 'F', '1986-05-21', 136992.66, 'Standard Chartered'),
('92000027', 'Jayden Koh', 'F', '2008-01-10', 86119.24, 'Maybank'),
('92000028', 'Faiz Koh', 'M', '2011-01-17', 125403.95, 'Maybank'),
('92000029', 'Aisha Lee', 'F', '1994-12-01', 144716.23, 'CIMB'),
('92000030', 'Benjamin Ng', 'F', '2010-02-20', 87850.4, 'OCBC'),
('92000031', 'Aisha Tan', 'M', '2013-08-28', 133168.57, 'Revolut'),
('92000032', 'Isla Wong', 'F', '1988-05-10', 133435.15, 'UOB'),
('92000033', 'Benjamin Yeo', 'F', '2010-04-15', 90173.29, 'CIMB'),
('92000034', 'Grace Tan', 'F', '2009-02-27', 77366.73, 'DBS'),
('92000035', 'Aisha Goh', 'M', '2011-09-10', 115920.72, 'OCBC'),
('92000036', 'Benjamin Chong', 'F', '1982-02-19', 114675.1, 'CIMB'),
('92000037', 'Jayden Tan', 'M', '1999-01-31', 81769.02, 'DBS'),
('92000038', 'Chloe Yeo', 'M', '2003-03-12', 91768.01, 'HSBC'),
('92000039', 'Faiz Yeo', 'M', '1984-07-16', 99849.32, 'CIMB'),
('92000040', 'Aisha Koh', 'M', '1998-08-09', 85971.79, 'Revolut'),
('92000041', 'Chloe Goh', 'F', '2005-07-05', 84257.17, 'Revolut'),
('92000042', 'Isla Tan', 'F', '1986-05-26', 118047.46, 'DBS'),
('92000043', 'Chloe Chong', 'F', '1999-04-28', 148220.57, 'Standard Chartered'),
('92000044', 'Jayden Koh', 'F', '2011-01-15', 70693.6, 'Maybank'),
('92000045', 'Benjamin Lee', 'M', '1994-03-08', 73485.12, 'CIMB'),
('92000046', 'Grace Wong', 'F', '2013-12-25', 108532.3, 'OCBC'),
('92000047', 'Grace Teo', 'M', '2005-12-31', 138519.34, 'Revolut'),
('92000048', 'Aisha Chong', 'M', '1996-01-10', 144596.44, 'HSBC'),
('92000049', 'Hiro Wong', 'F', '1983-10-15', 77853.44, 'Revolut');
SELECT * FROM INVESTOR;

-- ==========================================
-- RISK_TOLERANCE
-- ==========================================
INSERT INTO RISK_TOLERANCE VALUES
('92000000', 'Conservative', 'D', 'C', 'C', 'C', 'A'),
('92000001', 'Aggressive', 'A', 'A', 'C', 'C', 'A'),
('92000002', 'Conservative', 'B', 'B', 'A', 'B', 'A'),
('92000003', 'Moderate', 'D', 'B', 'C', 'B', 'C'),
('92000004', 'Aggressive', 'C', 'D', 'A', 'A', 'A'),
('92000005', 'Conservative', 'A', 'B', 'A', 'A', 'D'),
('92000006', 'Conservative', 'B', 'A', 'D', 'B', 'C'),
('92000007', 'Aggressive', 'C', 'C', 'B', 'B', 'B'),
('92000008', 'Aggressive', 'C', 'A', 'D', 'B', 'A'),
('92000009', 'Aggressive', 'C', 'C', 'A', 'D', 'A'),
('92000010', 'Moderate', 'C', 'A', 'B', 'A', 'D'),
('92000011', 'Moderate', 'B', 'C', 'B', 'B', 'A'),
('92000012', 'Aggressive', 'D', 'C', 'A', 'C', 'D'),
('92000013', 'Moderate', 'B', 'D', 'B', 'A', 'C'),
('92000014', 'Moderate', 'B', 'A', 'B', 'D', 'B'),
('92000015', 'Moderate', 'A', 'D', 'C', 'C', 'D'),
('92000016', 'Moderate', 'B', 'C', 'C', 'C', 'A'),
('92000017', 'Conservative', 'A', 'A', 'C', 'D', 'C'),
('92000018', 'Conservative', 'C', 'D', 'B', 'D', 'C'),
('92000019', 'Moderate', 'B', 'A', 'D', 'B', 'A'),
('92000020', 'Moderate', 'B', 'A', 'D', 'C', 'C'),
('92000021', 'Aggressive', 'A', 'A', 'B', 'B', 'C'),
('92000022', 'Conservative', 'B', 'D', 'A', 'C', 'D'),
('92000023', 'Conservative', 'C', 'A', 'A', 'A', 'D'),
('92000024', 'Aggressive', 'B', 'A', 'A', 'D', 'A'),
('92000025', 'Conservative', 'C', 'C', 'B', 'B', 'B'),
('92000026', 'Conservative', 'A', 'C', 'B', 'C', 'D'),
('92000027', 'Aggressive', 'C', 'D', 'B', 'A', 'B'),
('92000028', 'Moderate', 'B', 'D', 'C', 'B', 'A'),
('92000029', 'Aggressive', 'A', 'B', 'C', 'A', 'C'),
('92000030', 'Conservative', 'A', 'C', 'B', 'C', 'A'),
('92000031', 'Moderate', 'C', 'D', 'A', 'C', 'B'),
('92000032', 'Aggressive', 'C', 'D', 'C', 'C', 'A'),
('92000033', 'Conservative', 'B', 'A', 'C', 'B', 'A'),
('92000034', 'Aggressive', 'C', 'A', 'D', 'B', 'B'),
('92000035', 'Moderate', 'B', 'C', 'D', 'D', 'C'),
('92000036', 'Aggressive', 'C', 'A', 'B', 'A', 'A'),
('92000037', 'Aggressive', 'A', 'A', 'C', 'C', 'C'),
('92000038', 'Conservative', 'C', 'D', 'B', 'D', 'B'),
('92000039', 'Moderate', 'D', 'C', 'D', 'A', 'A'),
('92000040', 'Moderate', 'A', 'D', 'C', 'A', 'C'),
('92000041', 'Moderate', 'D', 'A', 'A', 'D', 'D'),
('92000042', 'Conservative', 'B', 'C', 'A', 'D', 'B'),
('92000043', 'Conservative', 'D', 'B', 'C', 'A', 'B'),
('92000044', 'Aggressive', 'B', 'D', 'C', 'B', 'C'),
('92000045', 'Aggressive', 'A', 'D', 'D', 'A', 'B'),
('92000046', 'Conservative', 'A', 'C', 'D', 'A', 'C'),
('92000047', 'Conservative', 'A', 'B', 'A', 'B', 'B'),
('92000048', 'Aggressive', 'C', 'A', 'B', 'A', 'A'),
('92000049', 'Conservative', 'D', 'D', 'B', 'B', 'B');
SELECT * FROM RISK_TOLERANCE;

-- ==========================================
-- FINANCIAL_GOAL
-- ==========================================
INSERT INTO FINANCIAL_GOAL VALUES
('Buy Property', '92000000', 800000, 25),
('Start Business', '92000001', 1000000, 30),
('Medical Emergency', '92000002', 200000, 30),
('Retirement', '92000003', 1000000, 5),
('Retirement', '92000004', 200000, 5),
('Children Education', '92000005', 100000, 5),
('Financial Freedom', '92000006', 300000, 10),
('Medical Emergency', '92000007', 100000, 15),
('Start Business', '92000008', 300000, 30),
('Travel the World', '92000009', 200000, 10),
('Buy Property', '92000010', 1000000, 15),
('Start Business', '92000011', 800000, 20),
('Children Education', '92000012', 1000000, 10),
('Holiday Fund', '92000013', 1000000, 5),
('Buy Property', '92000014', 200000, 25),
('Medical Emergency', '92000015', 800000, 5),
('Start Business', '92000016', 300000, 25),
('Medical Emergency', '92000017', 800000, 10),
('Medical Emergency', '92000018', 100000, 25),
('Travel the World', '92000019', 200000, 20),
('Travel the World', '92000020', 300000, 10),
('Medical Emergency', '92000021', 200000, 5),
('Start Business', '92000022', 100000, 30),
('Holiday Fund', '92000023', 200000, 15),
('Children Education', '92000024', 100000, 20),
('Financial Freedom', '92000025', 300000, 25),
('Travel the World', '92000026', 200000, 15),
('Travel the World', '92000027', 200000, 15),
('Medical Emergency', '92000028', 100000, 25),
('Children Education', '92000029', 1000000, 10),
('Holiday Fund', '92000030', 200000, 5),
('Financial Freedom', '92000031', 300000, 10),
('Financial Freedom', '92000032', 200000, 25),
('Medical Emergency', '92000033', 800000, 25),
('Start Business', '92000034', 500000, 5),
('Medical Emergency', '92000035', 200000, 5),
('Holiday Fund', '92000036', 800000, 5),
('Medical Emergency', '92000037', 500000, 5),
('Children Education', '92000038', 1000000, 25),
('Children Education', '92000039', 300000, 30),
('Retirement', '92000040', 300000, 20),
('Medical Emergency', '92000041', 200000, 15),
('Start Business', '92000042', 500000, 10),
('Start Business', '92000043', 500000, 30),
('Start Business', '92000044', 1000000, 10),
('Buy Property', '92000045', 500000, 30),
('Retirement', '92000046', 800000, 5),
('Holiday Fund', '92000047', 200000, 25),
('Buy Property', '92000048', 800000, 10),
('Children Education', '92000049', 500000, 25);
SELECT * FROM FINANCIAL_GOAL;

-- ==========================================
-- ASSET
-- ==========================================
INSERT INTO ASSET VALUES 
('STK001', 'Tesla', 900.00),
('STK002', 'Apple', 180.00),
('BND001', 'SG Bond 2035', 100.00),
('BND002', 'US Treasury 2030', 98.50),
('FND001', 'Vanguard S&P 500', 55.25),
('FND002', 'Asia Growth Fund', 45.00),
('STK003', 'Nvidia', 700.00),
('STK004', 'Microsoft', 350.00),
('BND003', 'Green Bond 2040', 102.00),
('BND004', 'Singapore Savings Bond 2028', 100.00),
('FND003', 'Global Tech Fund', 65.75),
('FND004', 'Emerging Markets ETF', 50.00);
SELECT * FROM ASSET;

-- ==========================================
-- STOCK
-- ==========================================
INSERT INTO STOCK VALUES 
('STK001', 25.6, 12.5, 30000000.00),
('STK002', 30.0, 15.2, 50000000.00),
('STK003', 40.0, 20.0, 25000000.00),
('STK004', 35.0, 18.0, 40000000.00);
SELECT * FROM STOCK;

-- ==========================================
-- BOND
-- ==========================================
INSERT INTO BOND VALUES 
('BND001', 3.5, '2035-12-31'),
('BND002', 2.8, '2030-06-30'),
('BND003', 3.2, '2040-08-15'),
('BND004', 2.5, '2028-12-31');
SELECT * FROM BOND;

-- ==========================================
-- FUND
-- ==========================================
INSERT INTO FUND VALUES 
('FND001', 1.2, 2.8),
('FND002', 1.5, 3.1),
('FND003', 1.8, 3.5),
('FND004', 1.3, 2.9);
SELECT * FROM FUND;

-- ==========================================
-- Portfolio1
-- ==========================================
INSERT INTO Portfolio1 VALUES
('92000000', 'P2001', 643833.12, '2023-12-06', 5.1),
('92000001', 'P2002', 493761.63, '2024-01-16', -3.42),
('92000002', 'P2003', 419454.39, '2022-02-19', -3.38),
('92000003', 'P2004', 266349.87, '2023-09-14', -4.29),
('92000004', 'P2005', 772707.47, '2022-07-01', -4.51),
('92000005', 'P2006', 718072.94, '2023-05-08', 6.5),
('92000006', 'P2007', 659499.06, '2024-02-08', 10.63),
('92000007', 'P2008', 578932.01, '2023-10-26', 2.74),
('92000008', 'P2009', 603143.43, '2023-07-28', 3.79),
('92000009', 'P2010', 190675.44, '2023-11-05', 13.09),
('92000010', 'P2011', 495283.02, '2022-05-28', -4.49),
('92000011', 'P2012', 310754.76, '2022-07-16', 11.39),
('92000012', 'P2013', 888613.43, '2023-06-19', 3.45),
('92000013', 'P2014', 709234.61, '2023-12-26', 13.34),
('92000014', 'P2015', 275234.84, '2021-05-28', -2.54),
('92000015', 'P2016', 777663.06, '2021-07-01', 7.07),
('92000016', 'P2017', 601572.62, '2021-02-16', 13.99),
('92000017', 'P2018', 373245.81, '2023-05-29', 1.7),
('92000018', 'P2019', 831113.92, '2023-04-11', 3.84),
('92000019', 'P2020', 531343.54, '2024-07-02', 11.7),
('92000020', 'P2021', 701100.81, '2021-05-24', -4.62),
('92000021', 'P2022', 721796.9, '2022-07-09', 12.53),
('92000022', 'P2023', 855905.57, '2024-02-08', 5.42),
('92000023', 'P2024', 305273.05, '2024-02-13', 10.9),
('92000024', 'P2025', 826720.95, '2024-12-29', 11.54),
('92000025', 'P2026', 103758.02, '2022-05-03', 5.27),
('92000026', 'P2027', 773208.74, '2021-01-22', 0.23),
('92000027', 'P2028', 315914.36, '2021-09-16', 8.66),
('92000028', 'P2029', 749672.82, '2023-10-17', -4.99),
('92000029', 'P2030', 136157.83, '2022-12-10', 11.09),
('92000030', 'P2031', 882577.2, '2022-02-19', 10.9),
('92000031', 'P2032', 528317.63, '2023-01-14', 11.9),
('92000032', 'P2033', 332968.97, '2021-11-25', 9.95),
('92000033', 'P2034', 667574.11, '2021-05-08', 7.16),
('92000034', 'P2035', 327555.7, '2021-03-14', 4.97),
('92000035', 'P2036', 596393.9, '2022-12-17', 1.71),
('92000036', 'P2037', 347849.62, '2023-10-17', 3.11),
('92000037', 'P2038', 834233.24, '2022-01-15', 10.31),
('92000038', 'P2039', 146490.62, '2021-05-06', 6.7),
('92000039', 'P2040', 886151.91, '2022-06-30', -0.18),
('92000040', 'P2041', 808130.54, '2024-05-20', 11.64),
('92000041', 'P2042', 508546.8, '2024-11-22', 4.95),
('92000042', 'P2043', 689541.24, '2024-03-03', -3.38),
('92000043', 'P2044', 794507.56, '2022-10-21', 8.9),
('92000044', 'P2045', 471213.33, '2023-05-25', 14.59),
('92000045', 'P2046', 351827.5, '2021-01-20', 4.04),
('92000046', 'P2047', 785736.82, '2024-08-11', -0.55),
('92000047', 'P2048', 431830.41, '2023-04-24', 10.95),
('92000048', 'P2049', 263171.2, '2023-07-26', -2.4),
('92000049', 'P2050', 700157.95, '2022-03-22', 14.62);
SELECT * FROM Portfolio1;

-- ==========================================
-- PortfolioFeeStructure
-- ==========================================
INSERT INTO PortfolioFeeStructure VALUES
(777663.06, 0.88),
(596393.9, 0.88),
(373245.81, 0.88),
(327555.7, 0.88),
(643833.12, 0.88),
(332968.97, 0.88),
(578932.01, 0.88),
(495283.02, 0.88),
(808130.54, 0.88),
(263171.2, 0.88),
(785736.82, 0.88),
(493761.63, 0.88),
(718072.94, 0.88),
(146490.62, 0.88),
(508546.8, 0.88),
(275234.84, 0.88),
(773208.74, 0.88),
(667574.11, 0.88),
(531343.54, 0.88),
(826720.95, 0.88),
(772707.47, 0.88),
(603143.43, 0.88),
(709234.61, 0.88),
(347849.62, 0.88),
(266349.87, 0.88),
(794507.56, 0.88),
(431830.41, 0.88),
(700157.95, 0.88),
(315914.36, 0.88),
(471213.33, 0.88),
(190675.44, 0.88),
(310754.76, 0.88),
(701100.81, 0.88),
(528317.63, 0.88),
(749672.82, 0.88),
(305273.05, 0.88),
(888613.43, 0.88),
(834233.24, 0.88),
(419454.39, 0.88),
(689541.24, 0.88),
(831113.92, 0.88),
(103758.02, 0.88),
(351827.5, 0.88),
(601572.62, 0.88),
(721796.9, 0.88),
(855905.57, 0.88),
(882577.2, 0.88),
(659499.06, 0.88),
(886151.91, 0.88),
(136157.83, 0.88);
SELECT * FROM PortfolioFeeStructure;

-- ==========================================
-- For tables with single primary keys, we need to be careful 
-- to not assign the same asset to multiple portfolios
-- ==========================================

-- ==========================================
-- STOCK_IN_PORTFOLIO (respecting single primary key)
-- ==========================================
INSERT INTO STOCK_IN_PORTFOLIO VALUES
('STK001', 'P2001', '92000000', '2022-10-20', 0.43, 'Saxo'),
('STK004', 'P2002', '92000001', '2023-02-17', 0.33, 'Clearstream'),
('STK002', 'P2003', '92000002', '2023-07-13', 0.34, 'Clearstream'),
('STK001', 'P2004', '92000003', '2022-09-30', 0.38, 'Saxo'),
('STK002', 'P2005', '92000004', '2022-08-03', 0.39, 'Interactive Broker'),
('STK003', 'P2006', '92000005', '2023-01-20', 0.38, 'Saxo'),
('STK001', 'P2007', '92000006', '2023-07-17', 0.36, 'Interactive Broker'),
('STK004', 'P2008', '92000007', '2022-06-19', 0.31, 'Clearstream'),
('STK003', 'P2009', '92000008', '2023-10-20', 0.32, 'Interactive Broker'),
('STK001', 'P2010', '92000009', '2023-07-19', 0.33, 'Interactive Broker'),
('STK004', 'P2011', '92000010', '2023-02-12', 0.48, 'Interactive Broker'),
('STK001', 'P2012', '92000011', '2023-02-02', 0.49, 'Saxo'),
('STK001', 'P2013', '92000012', '2022-01-25', 0.39, 'Interactive Broker'),
('STK002', 'P2014', '92000013', '2022-11-29', 0.36, 'Clearstream'),
('STK001', 'P2015', '92000014', '2022-10-17', 0.48, 'Clearstream'),
('STK001', 'P2016', '92000015', '2023-08-31', 0.5, 'Saxo'),
('STK001', 'P2017', '92000016', '2022-03-16', 0.48, 'Interactive Broker'),
('STK001', 'P2018', '92000017', '2023-09-30', 0.31, 'Clearstream'),
('STK003', 'P2019', '92000018', '2022-10-10', 0.43, 'Interactive Broker'),
('STK002', 'P2020', '92000019', '2023-08-07', 0.32, 'Saxo'),
('STK002', 'P2021', '92000020', '2022-07-18', 0.42, 'Saxo'),
('STK001', 'P2022', '92000021', '2022-09-15', 0.35, 'Clearstream'),
('STK004', 'P2023', '92000022', '2022-08-31', 0.35, 'Clearstream'),
('STK002', 'P2024', '92000023', '2023-08-11', 0.4, 'Interactive Broker'),
('STK004', 'P2025', '92000024', '2022-09-11', 0.3, 'Interactive Broker'),
('STK002', 'P2026', '92000025', '2022-05-12', 0.37, 'Saxo'),
('STK003', 'P2027', '92000026', '2022-03-29', 0.49, 'Clearstream'),
('STK002', 'P2028', '92000027', '2022-10-19', 0.35, 'Interactive Broker'),
('STK004', 'P2029', '92000028', '2023-08-13', 0.35, 'Clearstream'),
('STK004', 'P2030', '92000029', '2022-04-01', 0.36, 'Clearstream'),
('STK004', 'P2031', '92000030', '2022-08-12', 0.31, 'Clearstream'),
('STK001', 'P2032', '92000031', '2022-06-03', 0.36, 'Saxo'),
('STK004', 'P2033', '92000032', '2022-01-17', 0.3, 'Saxo'),
('STK003', 'P2034', '92000033', '2022-07-13', 0.37, 'Interactive Broker'),
('STK004', 'P2035', '92000034', '2022-11-30', 0.33, 'Interactive Broker'),
('STK003', 'P2036', '92000035', '2023-02-14', 0.39, 'Interactive Broker'),
('STK002', 'P2037', '92000036', '2022-02-02', 0.36, 'Saxo'),
('STK002', 'P2038', '92000037', '2022-09-12', 0.44, 'Clearstream'),
('STK003', 'P2039', '92000038', '2023-10-29', 0.39, 'Saxo'),
('STK004', 'P2040', '92000039', '2022-06-26', 0.38, 'Interactive Broker'),
('STK004', 'P2041', '92000040', '2023-10-27', 0.33, 'Saxo'),
('STK001', 'P2042', '92000041', '2022-03-14', 0.5, 'Interactive Broker'),
('STK002', 'P2043', '92000042', '2023-01-25', 0.4, 'Interactive Broker'),
('STK002', 'P2044', '92000043', '2022-09-29', 0.33, 'Saxo'),
('STK004', 'P2045', '92000044', '2023-09-29', 0.35, 'Saxo'),
('STK004', 'P2046', '92000045', '2022-07-02', 0.32, 'Saxo'),
('STK002', 'P2047', '92000046', '2023-08-01', 0.35, 'Clearstream'),
('STK001', 'P2048', '92000047', '2023-11-23', 0.34, 'Interactive Broker'),
('STK004', 'P2049', '92000048', '2022-10-05', 0.38, 'Interactive Broker'),
('STK002', 'P2050', '92000049', '2022-03-16', 0.37, 'Clearstream');
SELECT * FROM STOCK_IN_PORTFOLIO;

-- ==========================================
-- BOND_IN_PORTFOLIO (respecting single primary key)
-- ==========================================
INSERT INTO BOND_IN_PORTFOLIO VALUES
('BND004', 'P2001', '92000000', '2022-10-20', 0.33, 'Interactive Broker'),
('BND004', 'P2002', '92000001', '2023-02-17', 0.37, 'Interactive Broker'),
('BND001', 'P2003', '92000002', '2023-07-13', 0.26, 'Saxo'),
('BND002', 'P2004', '92000003', '2022-09-30', 0.35, 'Clearstream'),
('BND004', 'P2005', '92000004', '2022-08-03', 0.33, 'Clearstream'),
('BND003', 'P2006', '92000005', '2023-01-20', 0.28, 'Clearstream'),
('BND003', 'P2007', '92000006', '2023-07-17', 0.25, 'Clearstream'),
('BND004', 'P2008', '92000007', '2022-06-19', 0.32, 'Saxo'),
('BND001', 'P2009', '92000008', '2023-10-20', 0.21, 'Clearstream'),
('BND001', 'P2010', '92000009', '2023-07-19', 0.32, 'Clearstream'),
('BND002', 'P2011', '92000010', '2023-02-12', 0.27, 'Clearstream'),
('BND002', 'P2012', '92000011', '2023-02-02', 0.35, 'Interactive Broker'),
('BND003', 'P2013', '92000012', '2022-01-25', 0.36, 'Interactive Broker'),
('BND001', 'P2014', '92000013', '2022-11-29', 0.27, 'Clearstream'),
('BND001', 'P2015', '92000014', '2022-10-17', 0.35, 'Saxo'),
('BND001', 'P2016', '92000015', '2023-08-31', 0.32, 'Clearstream'),
('BND001', 'P2017', '92000016', '2022-03-16', 0.35, 'Clearstream'),
('BND003', 'P2018', '92000017', '2023-09-30', 0.27, 'Clearstream'),
('BND002', 'P2019', '92000018', '2022-10-10', 0.24, 'Saxo'),
('BND002', 'P2020', '92000019', '2023-08-07', 0.36, 'Saxo'),
('BND002', 'P2021', '92000020', '2022-07-18', 0.31, 'Interactive Broker'),
('BND001', 'P2022', '92000021', '2022-09-15', 0.33, 'Clearstream'),
('BND001', 'P2023', '92000022', '2022-08-31', 0.23, 'Clearstream'),
('BND001', 'P2024', '92000023', '2023-08-11', 0.37, 'Interactive Broker'),
('BND004', 'P2025', '92000024', '2022-09-11', 0.34, 'Clearstream'),
('BND001', 'P2026', '92000025', '2022-05-12', 0.32, 'Interactive Broker'),
('BND003', 'P2027', '92000026', '2022-03-29', 0.25, 'Saxo'),
('BND003', 'P2028', '92000027', '2022-10-19', 0.3, 'Interactive Broker'),
('BND001', 'P2029', '92000028', '2023-08-13', 0.29, 'Saxo'),
('BND002', 'P2030', '92000029', '2022-04-01', 0.32, 'Clearstream'),
('BND004', 'P2031', '92000030', '2022-08-12', 0.35, 'Interactive Broker'),
('BND004', 'P2032', '92000031', '2022-06-03', 0.4, 'Saxo'),
('BND002', 'P2033', '92000032', '2022-01-17', 0.38, 'Clearstream'),
('BND001', 'P2034', '92000033', '2022-07-13', 0.27, 'Clearstream'),
('BND003', 'P2035', '92000034', '2022-11-30', 0.33, 'Saxo'),
('BND004', 'P2036', '92000035', '2023-02-14', 0.4, 'Clearstream'),
('BND001', 'P2037', '92000036', '2022-02-02', 0.38, 'Saxo'),
('BND004', 'P2038', '92000037', '2022-09-12', 0.34, 'Clearstream'),
('BND004', 'P2039', '92000038', '2023-10-29', 0.23, 'Clearstream'),
('BND001', 'P2040', '92000039', '2022-06-26', 0.24, 'Interactive Broker'),
('BND004', 'P2041', '92000040', '2023-10-27', 0.26, 'Saxo'),
('BND002', 'P2042', '92000041', '2022-03-14', 0.35, 'Interactive Broker'),
('BND001', 'P2043', '92000042', '2023-01-25', 0.25, 'Saxo'),
('BND003', 'P2044', '92000043', '2022-09-29', 0.26, 'Interactive Broker'),
('BND004', 'P2045', '92000044', '2023-09-29', 0.24, 'Clearstream'),
('BND001', 'P2046', '92000045', '2022-07-02', 0.38, 'Saxo'),
('BND004', 'P2047', '92000046', '2023-08-01', 0.39, 'Interactive Broker'),
('BND003', 'P2048', '92000047', '2023-11-23', 0.25, 'Interactive Broker'),
('BND002', 'P2049', '92000048', '2022-10-05', 0.34, 'Interactive Broker'),
('BND004', 'P2050', '92000049', '2022-03-16', 0.33, 'Clearstream');
SELECT * FROM BOND_IN_PORTFOLIO;

-- ==========================================
-- FUND_IN_PORTFOLIO (respecting single primary key)
-- ==========================================
INSERT INTO FUND_IN_PORTFOLIO VALUES
('FND003', 'P2001', '92000000', '2022-10-20', 0.24, 'Clearstream'),
('FND002', 'P2002', '92000001', '2023-02-17', 0.3, 'Interactive Broker'),
('FND003', 'P2003', '92000002', '2023-07-13', 0.4, 'Saxo'),
('FND003', 'P2004', '92000003', '2022-09-30', 0.27, 'Clearstream'),
('FND004', 'P2005', '92000004', '2022-08-03', 0.28, 'Clearstream'),
('FND002', 'P2006', '92000005', '2023-01-20', 0.34, 'Clearstream'),
('FND001', 'P2007', '92000006', '2023-07-17', 0.39, 'Saxo'),
('FND004', 'P2008', '92000007', '2022-06-19', 0.37, 'Clearstream'),
('FND003', 'P2009', '92000008', '2023-10-20', 0.47, 'Interactive Broker'),
('FND004', 'P2010', '92000009', '2023-07-19', 0.35, 'Clearstream'),
('FND003', 'P2011', '92000010', '2023-02-12', 0.25, 'Clearstream'),
('FND003', 'P2012', '92000011', '2023-02-02', 0.16, 'Clearstream'),
('FND002', 'P2013', '92000012', '2022-01-25', 0.25, 'Saxo'),
('FND002', 'P2014', '92000013', '2022-11-29', 0.37, 'Clearstream'),
('FND004', 'P2015', '92000014', '2022-10-17', 0.17, 'Interactive Broker'),
('FND004', 'P2016', '92000015', '2023-08-31', 0.18, 'Saxo'),
('FND001', 'P2017', '92000016', '2022-03-16', 0.17, 'Clearstream'),
('FND001', 'P2018', '92000017', '2023-09-30', 0.42, 'Interactive Broker'),
('FND001', 'P2019', '92000018', '2022-10-10', 0.33, 'Saxo'),
('FND004', 'P2020', '92000019', '2023-08-07', 0.32, 'Clearstream'),
('FND004', 'P2021', '92000020', '2022-07-18', 0.27, 'Clearstream'),
('FND001', 'P2022', '92000021', '2022-09-15', 0.32, 'Saxo'),
('FND004', 'P2023', '92000022', '2022-08-31', 0.42, 'Clearstream'),
('FND001', 'P2024', '92000023', '2023-08-11', 0.23, 'Interactive Broker'),
('FND001', 'P2025', '92000024', '2022-09-11', 0.36, 'Saxo'),
('FND004', 'P2026', '92000025', '2022-05-12', 0.31, 'Clearstream'),
('FND002', 'P2027', '92000026', '2022-03-29', 0.26, 'Interactive Broker'),
('FND004', 'P2028', '92000027', '2022-10-19', 0.35, 'Saxo'),
('FND001', 'P2029', '92000028', '2023-08-13', 0.36, 'Saxo'),
('FND001', 'P2030', '92000029', '2022-04-01', 0.32, 'Interactive Broker'),
('FND004', 'P2031', '92000030', '2022-08-12', 0.34, 'Interactive Broker'),
('FND004', 'P2032', '92000031', '2022-06-03', 0.24, 'Saxo'),
('FND001', 'P2033', '92000032', '2022-01-17', 0.32, 'Interactive Broker'),
('FND001', 'P2034', '92000033', '2022-07-13', 0.36, 'Clearstream'),
('FND003', 'P2035', '92000034', '2022-11-30', 0.34, 'Interactive Broker'),
('FND001', 'P2036', '92000035', '2023-02-14', 0.21, 'Clearstream'),
('FND004', 'P2037', '92000036', '2022-02-02', 0.26, 'Interactive Broker'),
('FND004', 'P2038', '92000037', '2022-09-12', 0.22, 'Interactive Broker'),
('FND004', 'P2039', '92000038', '2023-10-29', 0.38, 'Clearstream'),
('FND002', 'P2040', '92000039', '2022-06-26', 0.38, 'Saxo'),
('FND003', 'P2041', '92000040', '2023-10-27', 0.41, 'Saxo'),
('FND004', 'P2042', '92000041', '2022-03-14', 0.15, 'Clearstream'),
('FND002', 'P2043', '92000042', '2023-01-25', 0.35, 'Clearstream'),
('FND003', 'P2044', '92000043', '2022-09-29', 0.41, 'Clearstream'),
('FND002', 'P2045', '92000044', '2023-09-29', 0.41, 'Saxo'),
('FND001', 'P2046', '92000045', '2022-07-02', 0.3, 'Interactive Broker'),
('FND002', 'P2047', '92000046', '2023-08-01', 0.26, 'Clearstream'),
('FND002', 'P2048', '92000047', '2023-11-23', 0.41, 'Interactive Broker'),
('FND004', 'P2049', '92000048', '2022-10-05', 0.28, 'Interactive Broker'),
('FND002', 'P2050', '92000049', '2022-03-16', 0.3, 'Clearstream');
SELECT * FROM FUND_IN_PORTFOLIO;

-- ==========================================
-- INVESTED_VALUE (2024 focus)
-- ==========================================
INSERT INTO INVESTED_VALUE VALUES
('92000000', 'P2001', '2024-01-01', 643833.12),
('92000000', 'P2001', '2024-03-31', 688401.9),
('92000001', 'P2002', '2024-01-01', 493761.63),
('92000001', 'P2002', '2024-03-31', 496235.2),
('92000002', 'P2003', '2024-01-01', 419454.39),
('92000002', 'P2003', '2024-03-31', 361863.01),
('92000003', 'P2004', '2024-01-01', 266349.87),
('92000003', 'P2004', '2024-03-31', 241038.77),
('92000004', 'P2005', '2024-01-01', 772707.47),
('92000004', 'P2005', '2024-03-31', 914045.96),
('92000005', 'P2006', '2024-01-01', 718072.94),
('92000005', 'P2006', '2024-03-31', 579794.1),
('92000006', 'P2007', '2024-01-01', 659499.06),
('92000006', 'P2007', '2024-03-31', 543688.59),
('92000007', 'P2008', '2024-01-01', 578932.01),
('92000007', 'P2008', '2024-03-31', 533794.66),
('92000008', 'P2009', '2024-01-01', 603143.43),
('92000008', 'P2009', '2024-03-31', 581438.89),
('92000009', 'P2010', '2024-01-01', 190675.44),
('92000009', 'P2010', '2024-03-31', 207520.96),
('92000010', 'P2011', '2024-01-01', 495283.02),
('92000010', 'P2011', '2024-03-31', 410072.71),
('92000011', 'P2012', '2024-01-01', 310754.76),
('92000011', 'P2012', '2024-03-31', 258999.08),
('92000012', 'P2013', '2024-01-01', 888613.43),
('92000012', 'P2013', '2024-03-31', 798793.8),
('92000013', 'P2014', '2024-01-01', 709234.61),
('92000013', 'P2014', '2024-03-31', 590882.09),
('92000014', 'P2015', '2024-01-01', 275234.84),
('92000014', 'P2015', '2024-03-31', 250363.61),
('92000015', 'P2016', '2024-01-01', 777663.06),
('92000015', 'P2016', '2024-03-31', 913781.49),
('92000016', 'P2017', '2024-01-01', 601572.62),
('92000016', 'P2017', '2024-03-31', 496217.37),
('92000017', 'P2018', '2024-01-01', 373245.81),
('92000017', 'P2018', '2024-03-31', 444946.38),
('92000018', 'P2019', '2024-01-01', 831113.92),
('92000018', 'P2019', '2024-03-31', 964990.4),
('92000019', 'P2020', '2024-01-01', 531343.54),
('92000019', 'P2020', '2024-03-31', 467859.43),
('92000020', 'P2021', '2024-01-01', 701100.81),
('92000020', 'P2021', '2024-03-31', 595215.43),
('92000021', 'P2022', '2024-01-01', 721796.9),
('92000021', 'P2022', '2024-03-31', 672665.89),
('92000022', 'P2023', '2024-01-01', 855905.57),
('92000022', 'P2023', '2024-03-31', 776442.5),
('92000023', 'P2024', '2024-01-01', 305273.05),
('92000023', 'P2024', '2024-03-31', 260479.54),
('92000024', 'P2025', '2024-01-01', 826720.95),
('92000024', 'P2025', '2024-03-31', 891456.48),
('92000025', 'P2026', '2024-01-01', 103758.02),
('92000025', 'P2026', '2024-03-31', 92348.68),
('92000026', 'P2027', '2024-01-01', 773208.74),
('92000026', 'P2027', '2024-03-31', 718629.46),
('92000027', 'P2028', '2024-01-01', 315914.36),
('92000027', 'P2028', '2024-03-31', 312398.8),
('92000028', 'P2029', '2024-01-01', 749672.82),
('92000028', 'P2029', '2024-03-31', 800809.03),
('92000029', 'P2030', '2024-01-01', 136157.83),
('92000029', 'P2030', '2024-03-31', 134813.84),
('92000030', 'P2031', '2024-01-01', 882577.2),
('92000030', 'P2031', '2024-03-31', 896039.52),
('92000031', 'P2032', '2024-01-01', 528317.63),
('92000031', 'P2032', '2024-03-31', 463384.57),
('92000032', 'P2033', '2024-01-01', 332968.97),
('92000032', 'P2033', '2024-03-31', 391246.34),
('92000033', 'P2034', '2024-01-01', 667574.11),
('92000033', 'P2034', '2024-03-31', 779045.02),
('92000034', 'P2035', '2024-01-01', 327555.7),
('92000034', 'P2035', '2024-03-31', 382918.82),
('92000035', 'P2036', '2024-01-01', 596393.9),
('92000035', 'P2036', '2024-03-31', 623528.21),
('92000036', 'P2037', '2024-01-01', 347849.62),
('92000036', 'P2037', '2024-03-31', 407696.06),
('92000037', 'P2038', '2024-01-01', 834233.24),
('92000037', 'P2038', '2024-03-31', 838430.08),
('92000038', 'P2039', '2024-01-01', 146490.62),
('92000038', 'P2039', '2024-03-31', 153054.47),
('92000039', 'P2040', '2024-01-01', 886151.91),
('92000039', 'P2040', '2024-03-31', 768081.95),
('92000040', 'P2041', '2024-01-01', 808130.54),
('92000040', 'P2041', '2024-03-31', 760338.09),
('92000041', 'P2042', '2024-01-01', 508546.8),
('92000041', 'P2042', '2024-03-31', 535209.04),
('92000042', 'P2043', '2024-01-01', 689541.24),
('92000042', 'P2043', '2024-03-31', 783694.4),
('92000043', 'P2044', '2024-01-01', 794507.56),
('92000043', 'P2044', '2024-03-31', 721437.64),
('92000044', 'P2045', '2024-01-01', 471213.33),
('92000044', 'P2045', '2024-03-31', 479180.16),
('92000045', 'P2046', '2024-01-01', 351827.5),
('92000045', 'P2046', '2024-03-31', 356750.86),
('92000046', 'P2047', '2024-01-01', 785736.82),
('92000046', 'P2047', '2024-03-31', 782227.34),
('92000047', 'P2048', '2024-01-01', 431830.41),
('92000047', 'P2048', '2024-03-31', 438151.48),
('92000048', 'P2049', '2024-01-01', 263171.2),
('92000048', 'P2049', '2024-03-31', 305910.77),
('92000049', 'P2050', '2024-01-01', 700157.95),
('92000049', 'P2050', '2024-03-31', 770199.82);
SELECT * FROM INVESTED_VALUE;

-- ==========================================
-- UNREALIZED_GAIN_LOSS (2024 trends) with losses
-- ==========================================
INSERT INTO UNREALIZED_GAIN_LOSS VALUES
('92000000', 'P2001', '2024-01-01', 47445.9),
('92000000', 'P2001', '2024-03-31', 55766.53),
('92000001', 'P2002', '2024-01-01', 31665.15),
('92000001', 'P2002', '2024-03-31', 29493.45),
('92000002', 'P2003', '2024-01-01', -26358.36),
('92000002', 'P2003', '2024-03-31', -25403.26),
('92000003', 'P2004', '2024-01-01', 46939.54),
('92000003', 'P2004', '2024-03-31', 49507.3),
('92000004', 'P2005', '2024-01-01', 45046.1),
('92000004', 'P2005', '2024-03-31', 37229.24),
('92000005', 'P2006', '2024-01-01', 33909.22),
('92000005', 'P2006', '2024-03-31', 32574.78),
('92000006', 'P2007', '2024-01-01', -17404.79),
('92000006', 'P2007', '2024-03-31', -12884.66),
('92000007', 'P2008', '2024-01-01', 24460.67),
('92000007', 'P2008', '2024-03-31', 15831.05),
('92000008', 'P2009', '2024-01-01', -16285.02),
('92000008', 'P2009', '2024-03-31', -19123.75),
('92000009', 'P2010', '2024-01-01', -30177.58),
('92000009', 'P2010', '2024-03-31', -39780.6),
('92000010', 'P2011', '2024-01-01', -9133.62),
('92000010', 'P2011', '2024-03-31', -18018.33),
('92000011', 'P2012', '2024-01-01', -34045.92),
('92000011', 'P2012', '2024-03-31', -35431.63),
('92000012', 'P2013', '2024-01-01', -22524.76),
('92000012', 'P2013', '2024-03-31', -18044.38),
('92000013', 'P2014', '2024-01-01', 24163.08),
('92000013', 'P2014', '2024-03-31', 24259.2),
('92000014', 'P2015', '2024-01-01', 34235.46),
('92000014', 'P2015', '2024-03-31', 44228.69),
('92000015', 'P2016', '2024-01-01', 17149.45),
('92000015', 'P2016', '2024-03-31', 14683.82),
('92000016', 'P2017', '2024-01-01', 38216.41),
('92000016', 'P2017', '2024-03-31', 33037.04),
('92000017', 'P2018', '2024-01-01', 3706.88),
('92000017', 'P2018', '2024-03-31', 5999.21),
('92000018', 'P2019', '2024-01-01', -15722.72),
('92000018', 'P2019', '2024-03-31', -10352.57),
('92000019', 'P2020', '2024-01-01', 5427.92),
('92000019', 'P2020', '2024-03-31', -2377.18),
('92000020', 'P2021', '2024-01-01', 32311.09),
('92000020', 'P2021', '2024-03-31', 37132.11),
('92000021', 'P2022', '2024-01-01', 36792.82),
('92000021', 'P2022', '2024-03-31', 33946.78),
('92000022', 'P2023', '2024-01-01', 1674.39),
('92000022', 'P2023', '2024-03-31', 4163.12),
('92000023', 'P2024', '2024-01-01', 17426.79),
('92000023', 'P2024', '2024-03-31', 12013.3),
('92000024', 'P2025', '2024-01-01', 30356.15),
('92000024', 'P2025', '2024-03-31', 38490.02),
('92000025', 'P2026', '2024-01-01', 5573.55),
('92000025', 'P2026', '2024-03-31', 9478.12),
('92000026', 'P2027', '2024-01-01', 10878.57),
('92000026', 'P2027', '2024-03-31', 20096.01),
('92000027', 'P2028', '2024-01-01', -2622.31),
('92000027', 'P2028', '2024-03-31', -3614.82),
('92000028', 'P2029', '2024-01-01', -35629.78),
('92000028', 'P2029', '2024-03-31', -44061.44),
('92000029', 'P2030', '2024-01-01', -18723.63),
('92000029', 'P2030', '2024-03-31', -18378.98),
('92000030', 'P2031', '2024-01-01', 10948.15),
('92000030', 'P2031', '2024-03-31', 15577.73),
('92000031', 'P2032', '2024-01-01', 41721.26),
('92000031', 'P2032', '2024-03-31', 38547.13),
('92000032', 'P2033', '2024-01-01', 3780.39),
('92000032', 'P2033', '2024-03-31', 2947.99),
('92000033', 'P2034', '2024-01-01', -15970.19),
('92000033', 'P2034', '2024-03-31', -15555.61),
('92000034', 'P2035', '2024-01-01', 21787.52),
('92000034', 'P2035', '2024-03-31', 14158.46),
('92000035', 'P2036', '2024-01-01', 23967.15),
('92000035', 'P2036', '2024-03-31', 30357.29),
('92000036', 'P2037', '2024-01-01', 35558.02),
('92000036', 'P2037', '2024-03-31', 31371.88),
('92000037', 'P2038', '2024-01-01', -33146.55),
('92000037', 'P2038', '2024-03-31', -34781.97),
('92000038', 'P2039', '2024-01-01', 45224.48),
('92000038', 'P2039', '2024-03-31', 43399.93),
('92000039', 'P2040', '2024-01-01', 6797.16),
('92000039', 'P2040', '2024-03-31', 14401.63),
('92000040', 'P2041', '2024-01-01', -10051.18),
('92000040', 'P2041', '2024-03-31', -16523.21),
('92000041', 'P2042', '2024-01-01', -31587.69),
('92000041', 'P2042', '2024-03-31', -36844.67),
('92000042', 'P2043', '2024-01-01', -39986.33),
('92000042', 'P2043', '2024-03-31', -39425.35),
('92000043', 'P2044', '2024-01-01', 22316.7),
('92000043', 'P2044', '2024-03-31', 31813.82),
('92000044', 'P2045', '2024-01-01', -38845.55),
('92000044', 'P2045', '2024-03-31', -32910.08),
('92000045', 'P2046', '2024-01-01', 40398.7),
('92000045', 'P2046', '2024-03-31', 48962.81),
('92000046', 'P2047', '2024-01-01', -27663.72),
('92000046', 'P2047', '2024-03-31', -32792.25),
('92000047', 'P2048', '2024-01-01', 17052.96),
('92000047', 'P2048', '2024-03-31', 24960.3),
('92000048', 'P2049', '2024-01-01', -40011.6),
('92000048', 'P2049', '2024-03-31', -32958.86),
('92000049', 'P2050', '2024-01-01', -7842.13),
('92000049', 'P2050', '2024-03-31', -14407.64);
SELECT * FROM UNREALIZED_GAIN_LOSS;

-- ==========================================
-- Transaction1
-- ==========================================
INSERT INTO Transaction1 VALUES
('T100', '2024-04-18', 'P2001', '92000000', 'SELL'),
('T101', '2024-02-23', 'P2002', '92000001', 'BUY'),
('T102', '2024-01-03', 'P2003', '92000002', 'SELL'),
('T103', '2024-01-03', 'P2004', '92000003', 'REBALANCE'),
('T104', '2024-02-29', 'P2005', '92000004', 'BUY'),
('T105', '2024-03-05', 'P2006', '92000005', 'BUY'),
('T106', '2024-02-12', 'P2007', '92000006', 'BUY'),
('T107', '2024-03-05', 'P2008', '92000007', 'BUY'),
('T108', '2024-02-24', 'P2009', '92000008', 'REBALANCE'),
('T109', '2024-02-29', 'P2010', '92000009', 'SELL'),
('T110', '2024-04-27', 'P2011', '92000010', 'TOPUP'),
('T111', '2024-02-23', 'P2012', '92000011', 'BUY'),
('T112', '2024-02-12', 'P2013', '92000012', 'SELL'),
('T113', '2024-03-27', 'P2014', '92000013', 'BUY'),
('T114', '2024-02-09', 'P2015', '92000014', 'SELL'),
('T115', '2024-01-27', 'P2016', '92000015', 'SELL'),
('T116', '2024-03-12', 'P2017', '92000016', 'BUY'),
('T117', '2024-04-01', 'P2018', '92000017', 'SELL'),
('T118', '2024-04-24', 'P2019', '92000018', 'REBALANCE'),
('T119', '2024-04-19', 'P2020', '92000019', 'SELL'),
('T120', '2024-02-03', 'P2021', '92000020', 'REBALANCE'),
('T121', '2024-01-28', 'P2022', '92000021', 'TOPUP'),
('T122', '2024-04-11', 'P2023', '92000022', 'BUY'),
('T123', '2024-04-23', 'P2024', '92000023', 'SELL'),
('T124', '2024-04-13', 'P2025', '92000024', 'BUY'),
('T125', '2024-01-09', 'P2026', '92000025', 'REBALANCE'),
('T126', '2024-02-26', 'P2027', '92000026', 'SELL'),
('T127', '2024-03-22', 'P2028', '92000027', 'SELL'),
('T128', '2024-04-11', 'P2029', '92000028', 'BUY'),
('T129', '2024-04-02', 'P2030', '92000029', 'TOPUP'),
('T130', '2024-03-05', 'P2031', '92000030', 'SELL'),
('T131', '2024-02-18', 'P2032', '92000031', 'BUY'),
('T132', '2024-03-08', 'P2033', '92000032', 'SELL'),
('T133', '2024-03-22', 'P2034', '92000033', 'TOPUP'),
('T134', '2024-04-08', 'P2035', '92000034', 'BUY'),
('T135', '2024-03-18', 'P2036', '92000035', 'REBALANCE'),
('T136', '2024-02-12', 'P2037', '92000036', 'BUY'),
('T137', '2024-03-23', 'P2038', '92000037', 'SELL'),
('T138', '2024-04-28', 'P2039', '92000038', 'TOPUP'),
('T139', '2024-04-12', 'P2040', '92000039', 'BUY'),
('T140', '2024-02-20', 'P2041', '92000040', 'TOPUP'),
('T141', '2024-02-18', 'P2042', '92000041', 'TOPUP'),
('T142', '2024-02-05', 'P2043', '92000042', 'REBALANCE'),
('T143', '2024-03-30', 'P2044', '92000043', 'TOPUP'),
('T144', '2024-01-14', 'P2045', '92000044', 'BUY'),
('T145', '2024-03-02', 'P2046', '92000045', 'BUY'),
('T146', '2024-01-21', 'P2047', '92000046', 'REBALANCE'),
('T147', '2024-01-09', 'P2048', '92000047', 'TOPUP'),
('T148', '2024-02-26', 'P2049', '92000048', 'TOPUP'),
('T149', '2024-01-20', 'P2050', '92000049', 'SELL');
SELECT * FROM Transaction1;

-- ==========================================
-- TransactionFees
-- ==========================================
INSERT INTO TransactionFees VALUES
('BUY', 0.5),
('SELL', 0.7),
('REBALANCE', 0.4),
('TOPUP', 0.2);